序号,链接,节点数
0,https://gist.githubusercontent.com/peasoft/40b87245630092f30cc98af61190b4e2/raw/,10
1,https://gitlab.com/free9999/ipupdate/-/raw/master/backup/img/1/2/ipp/clash.meta2/1/config.yaml?ref_type=heads,1
2,https://gitlab.com/free9999/ipupdate/-/raw/master/backup/img/1/2/ipp/clash.meta2/3/config.yaml?ref_type=heads,1
3,https://gitlab.com/free9999/ipupdate/-/raw/master/backup/img/1/2/ipp/clash.meta2/4/config.yaml?ref_type=heads,1
4,https://raw.githubusercontent.com/Huibq/TrojanLinks/master/links/vmess,0
5,https://raw.githubusercontent.com/Mr8AHAL/v2ray/main/SERVER.txt,1
6,https://raw.githubusercontent.com/Rokate/Proxy-Sub/main/clash/clash_trojan.yml,0
7,https://raw.githubusercontent.com/Rokate/Proxy-Sub/main/clash/clash_v2ray.yml,0
8,https://raw.githubusercontent.com/Surfboardv2ray/TGParse/main/python/hy2,2
9,https://raw.githubusercontent.com/Surfboardv2ray/TGParse/main/python/hysteria2,69
10,https://raw.githubusercontent.com/abshare/abshare.github.io/main/README.md,50
11,https://raw.githubusercontent.com/aiboboxx/v2rayfree/main/v2,0
12,https://raw.githubusercontent.com/anaer/Sub/main/clash.yaml,566
13,https://raw.githubusercontent.com/ebrasha/free-v2ray-public-list/refs/heads/main/V2Ray-Config-By-EbraSha-All-Type.txt,18466
14,https://raw.githubusercontent.com/freefq/free/master/v2,15
15,https://raw.githubusercontent.com/lagzian/SS-Collector/main/configs/subscription-all.b64,384
16,https://raw.githubusercontent.com/learnhard-cn/free_proxy_ss/main/clash/clash.provider.yaml,0
17,https://raw.githubusercontent.com/lflflf999/0516/main/BX-JD # 关闭，循环引用,0
18,https://raw.githubusercontent.com/mheidari98/.proxy/main/all,23948
19,https://raw.githubusercontent.com/ripaojiedian/freenode/main/clash,14
20,https://raw.githubusercontent.com/ripaojiedian/freenode/main/sub,13
21,https://raw.githubusercontent.com/shaoyouvip/free/refs/heads/main/all.yaml,101
22,https://raw.githubusercontent.com/snakem982/proxypool/main/source/clash-meta-2.yaml,56
23,https://raw.githubusercontent.com/snakem982/proxypool/main/source/v2ray-2.txt,49
24,https://raw.githubusercontent.com/zhangkaiitugithub/passcro/main/speednodes.yaml,141

总计,,25191
